"Country or Area","Subgroup","Year","Source","Unit","Value","Value Footnotes"
"Afghanistan","Male 5-14 yr","2000-2010","UN_Demographic and Health Surveys (DHS), Multiple Indicator Cluster Surveys (MICS) and other national surveys","Percent","17","1"
"Afghanistan","Female 5-14 yr","2000-2010","UN_Demographic and Health Surveys (DHS), Multiple Indicator Cluster Surveys (MICS) and other national surveys","Percent","9","1"
"Afghanistan","Total 5-14 yr","2000-2010","UN_Demographic and Health Surveys (DHS), Multiple Indicator Cluster Surveys (MICS) and other national surveys","Percent","13","1"
"Africa","Male 5-14 yr","2000-2010","UN_Demographic and Health Surveys (DHS), Multiple Indicator Cluster Surveys (MICS) and other national surveys","Percent","30","2"
"Africa","Female 5-14 yr","2000-2010","UN_Demographic and Health Surveys (DHS), Multiple Indicator Cluster Surveys (MICS) and other national surveys","Percent","29","2"
"Africa","Total 5-14 yr","2000-2010","UN_Demographic and Health Surveys (DHS), Multiple Indicator Cluster Surveys (MICS) and other national surveys","Percent","29","2"
"Albania","Male 5-14 yr","2000-2010","UN_Demographic and Health Surveys (DHS), Multiple Indicator Cluster Surveys (MICS) and other national surveys","Percent","14","3"
"Albania","Female 5-14 yr","2000-2010","UN_Demographic and Health Surveys (DHS), Multiple Indicator Cluster Surveys (MICS) and other national surveys","Percent","9","3"
"Albania","Total 5-14 yr","2000-2010","UN_Demographic and Health Surveys (DHS), Multiple Indicator Cluster Surveys (MICS) and other national surveys","Percent","12","3"
"Algeria","Male 5-14 yr","2000-2010","UN_Demographic and Health Surveys (DHS), Multiple Indicator Cluster Surveys (MICS) and other national surveys","Percent","6","1"
"Algeria","Female 5-14 yr","2000-2010","UN_Demographic and Health Surveys (DHS), Multiple Indicator Cluster Surveys (MICS) and other national surveys","Percent","4","1"
"Algeria","Total 5-14 yr","2000-2010","UN_Demographic and Health Surveys (DHS), Multiple Indicator Cluster Surveys (MICS) and other national surveys","Percent","5","1"
"Angola","Male 5-14 yr","2000-2010","UN_Demographic and Health Surveys (DHS), Multiple Indicator Cluster Surveys (MICS) and other national surveys","Percent","22","3"
"Angola","Female 5-14 yr","2000-2010","UN_Demographic and Health Surveys (DHS), Multiple Indicator Cluster Surveys (MICS) and other national surveys","Percent","25","3"
"Angola","Total 5-14 yr","2000-2010","UN_Demographic and Health Surveys (DHS), Multiple Indicator Cluster Surveys (MICS) and other national surveys","Percent","24","3"
"Argentina","Male 5-14 yr","2000-2010","UN_Demographic and Health Surveys (DHS), Multiple Indicator Cluster Surveys (MICS) and other national surveys","Percent","8","1"
"Argentina","Female 5-14 yr","2000-2010","UN_Demographic and Health Surveys (DHS), Multiple Indicator Cluster Surveys (MICS) and other national surveys","Percent","5","1"
"Argentina","Total 5-14 yr","2000-2010","UN_Demographic and Health Surveys (DHS), Multiple Indicator Cluster Surveys (MICS) and other national surveys","Percent","7","1"
"Armenia","Total 5-14 yr","2000-2010","UN_Demographic and Health Surveys (DHS), Multiple Indicator Cluster Surveys (MICS) and other national surveys","Percent","4","1"
"Asia","Male 5-14 yr","2000-2010","UN_Demographic and Health Surveys (DHS), Multiple Indicator Cluster Surveys (MICS) and other national surveys","Percent","12","4"
"Asia","Female 5-14 yr","2000-2010","UN_Demographic and Health Surveys (DHS), Multiple Indicator Cluster Surveys (MICS) and other national surveys","Percent","12","4"
"Asia","Total 5-14 yr","2000-2010","UN_Demographic and Health Surveys (DHS), Multiple Indicator Cluster Surveys (MICS) and other national surveys","Percent","12","4"
"Azerbaijan","Male 5-14 yr","2000-2010","UN_Demographic and Health Surveys (DHS), Multiple Indicator Cluster Surveys (MICS) and other national surveys","Percent","8","1"
"Azerbaijan","Female 5-14 yr","2000-2010","UN_Demographic and Health Surveys (DHS), Multiple Indicator Cluster Surveys (MICS) and other national surveys","Percent","5","1"
"Azerbaijan","Total 5-14 yr","2000-2010","UN_Demographic and Health Surveys (DHS), Multiple Indicator Cluster Surveys (MICS) and other national surveys","Percent","7","1"
"Bahrain","Male 5-14 yr","2000-2010","UN_Demographic and Health Surveys (DHS), Multiple Indicator Cluster Surveys (MICS) and other national surveys","Percent","6","3"
"Bahrain","Female 5-14 yr","2000-2010","UN_Demographic and Health Surveys (DHS), Multiple Indicator Cluster Surveys (MICS) and other national surveys","Percent","3","3"
"Bahrain","Total 5-14 yr","2000-2010","UN_Demographic and Health Surveys (DHS), Multiple Indicator Cluster Surveys (MICS) and other national surveys","Percent","5","3"
"Bangladesh","Male 5-14 yr","2000-2010","UN_Demographic and Health Surveys (DHS), Multiple Indicator Cluster Surveys (MICS) and other national surveys","Percent","18","3"
"Bangladesh","Female 5-14 yr","2000-2010","UN_Demographic and Health Surveys (DHS), Multiple Indicator Cluster Surveys (MICS) and other national surveys","Percent","8","3"
"Bangladesh","Total 5-14 yr","2000-2010","UN_Demographic and Health Surveys (DHS), Multiple Indicator Cluster Surveys (MICS) and other national surveys","Percent","13","3"
"Belarus","Male 5-14 yr","2000-2010","UN_Demographic and Health Surveys (DHS), Multiple Indicator Cluster Surveys (MICS) and other national surveys","Percent","6","3"
"Belarus","Female 5-14 yr","2000-2010","UN_Demographic and Health Surveys (DHS), Multiple Indicator Cluster Surveys (MICS) and other national surveys","Percent","4","3"
"Belarus","Total 5-14 yr","2000-2010","UN_Demographic and Health Surveys (DHS), Multiple Indicator Cluster Surveys (MICS) and other national surveys","Percent","5","3"
"Belize","Male 5-14 yr","2000-2010","UN_Demographic and Health Surveys (DHS), Multiple Indicator Cluster Surveys (MICS) and other national surveys","Percent","39","3"
"Belize","Female 5-14 yr","2000-2010","UN_Demographic and Health Surveys (DHS), Multiple Indicator Cluster Surveys (MICS) and other national surveys","Percent","42","3"
"Belize","Total 5-14 yr","2000-2010","UN_Demographic and Health Surveys (DHS), Multiple Indicator Cluster Surveys (MICS) and other national surveys","Percent","40","3"
"Benin","Male 5-14 yr","2000-2010","UN_Demographic and Health Surveys (DHS), Multiple Indicator Cluster Surveys (MICS) and other national surveys","Percent","47","3"
"Benin","Female 5-14 yr","2000-2010","UN_Demographic and Health Surveys (DHS), Multiple Indicator Cluster Surveys (MICS) and other national surveys","Percent","45","3"
"Benin","Total 5-14 yr","2000-2010","UN_Demographic and Health Surveys (DHS), Multiple Indicator Cluster Surveys (MICS) and other national surveys","Percent","46","3"
"Bhutan","Male 5-14 yr","2000-2010","UN_Demographic and Health Surveys (DHS), Multiple Indicator Cluster Surveys (MICS) and other national surveys","Percent","18","3"
"Bhutan","Female 5-14 yr","2000-2010","UN_Demographic and Health Surveys (DHS), Multiple Indicator Cluster Surveys (MICS) and other national surveys","Percent","19","3"
"Bhutan","Total 5-14 yr","2000-2010","UN_Demographic and Health Surveys (DHS), Multiple Indicator Cluster Surveys (MICS) and other national surveys","Percent","18","3"
"Bolivia (Plurinational State of)","Male 5-14 yr","2000-2010","UN_Demographic and Health Surveys (DHS), Multiple Indicator Cluster Surveys (MICS) and other national surveys","Percent","28","1"
"Bolivia (Plurinational State of)","Female 5-14 yr","2000-2010","UN_Demographic and Health Surveys (DHS), Multiple Indicator Cluster Surveys (MICS) and other national surveys","Percent","24","1"
"Bolivia (Plurinational State of)","Total 5-14 yr","2000-2010","UN_Demographic and Health Surveys (DHS), Multiple Indicator Cluster Surveys (MICS) and other national surveys","Percent","26","1"
"Bosnia and Herzegovina","Male 5-14 yr","2000-2010","UN_Demographic and Health Surveys (DHS), Multiple Indicator Cluster Surveys (MICS) and other national surveys","Percent","7","3"
"Bosnia and Herzegovina","Female 5-14 yr","2000-2010","UN_Demographic and Health Surveys (DHS), Multiple Indicator Cluster Surveys (MICS) and other national surveys","Percent","4","3"
"Bosnia and Herzegovina","Total 5-14 yr","2000-2010","UN_Demographic and Health Surveys (DHS), Multiple Indicator Cluster Surveys (MICS) and other national surveys","Percent","5","3"
"Botswana","Male 5-14 yr","2000-2010","UN_Demographic and Health Surveys (DHS), Multiple Indicator Cluster Surveys (MICS) and other national surveys","Percent","11","1"
"Botswana","Female 5-14 yr","2000-2010","UN_Demographic and Health Surveys (DHS), Multiple Indicator Cluster Surveys (MICS) and other national surveys","Percent","7","1"
"Botswana","Total 5-14 yr","2000-2010","UN_Demographic and Health Surveys (DHS), Multiple Indicator Cluster Surveys (MICS) and other national surveys","Percent","9","1"
"Brazil","Male 5-14 yr","2000-2010","UN_Demographic and Health Surveys (DHS), Multiple Indicator Cluster Surveys (MICS) and other national surveys","Percent","4","1"
"Brazil","Female 5-14 yr","2000-2010","UN_Demographic and Health Surveys (DHS), Multiple Indicator Cluster Surveys (MICS) and other national surveys","Percent","2","1"
"Brazil","Total 5-14 yr","2000-2010","UN_Demographic and Health Surveys (DHS), Multiple Indicator Cluster Surveys (MICS) and other national surveys","Percent","3","1"
"Burkina Faso","Male 5-14 yr","2000-2010","UN_Demographic and Health Surveys (DHS), Multiple Indicator Cluster Surveys (MICS) and other national surveys","Percent","39","3"
"Burkina Faso","Female 5-14 yr","2000-2010","UN_Demographic and Health Surveys (DHS), Multiple Indicator Cluster Surveys (MICS) and other national surveys","Percent","36","3"
"Burkina Faso","Total 5-14 yr","2000-2010","UN_Demographic and Health Surveys (DHS), Multiple Indicator Cluster Surveys (MICS) and other national surveys","Percent","38","3"
"Burundi","Male 5-14 yr","2000-2010","UN_Demographic and Health Surveys (DHS), Multiple Indicator Cluster Surveys (MICS) and other national surveys","Percent","19","3"
"Burundi","Female 5-14 yr","2000-2010","UN_Demographic and Health Surveys (DHS), Multiple Indicator Cluster Surveys (MICS) and other national surveys","Percent","19","3"
"Burundi","Total 5-14 yr","2000-2010","UN_Demographic and Health Surveys (DHS), Multiple Indicator Cluster Surveys (MICS) and other national surveys","Percent","19","3"
"Cambodia","Male 5-14 yr","2000-2010","UN_Demographic and Health Surveys (DHS), Multiple Indicator Cluster Surveys (MICS) and other national surveys","Percent","39","3"
"Cambodia","Female 5-14 yr","2000-2010","UN_Demographic and Health Surveys (DHS), Multiple Indicator Cluster Surveys (MICS) and other national surveys","Percent","38","3"
"Cambodia","Total 5-14 yr","2000-2010","UN_Demographic and Health Surveys (DHS), Multiple Indicator Cluster Surveys (MICS) and other national surveys","Percent","39","3"
"Cameroon","Male 5-14 yr","2000-2010","UN_Demographic and Health Surveys (DHS), Multiple Indicator Cluster Surveys (MICS) and other national surveys","Percent","31","3"
"Cameroon","Female 5-14 yr","2000-2010","UN_Demographic and Health Surveys (DHS), Multiple Indicator Cluster Surveys (MICS) and other national surveys","Percent","30","3"
"Cameroon","Total 5-14 yr","2000-2010","UN_Demographic and Health Surveys (DHS), Multiple Indicator Cluster Surveys (MICS) and other national surveys","Percent","31","3"
"Cape Verde","Male 5-14 yr","2000-2010","UN_Demographic and Health Surveys (DHS), Multiple Indicator Cluster Surveys (MICS) and other national surveys","Percent","4","1"
"Cape Verde","Female 5-14 yr","2000-2010","UN_Demographic and Health Surveys (DHS), Multiple Indicator Cluster Surveys (MICS) and other national surveys","Percent","3","1"
"Cape Verde","Total 5-14 yr","2000-2010","UN_Demographic and Health Surveys (DHS), Multiple Indicator Cluster Surveys (MICS) and other national surveys","Percent","3","1"
"CEE/CIS","Male 5-14 yr","2000-2010","UN_Demographic and Health Surveys (DHS), Multiple Indicator Cluster Surveys (MICS) and other national surveys","Percent","5","2"
"CEE/CIS","Female 5-14 yr","2000-2010","UN_Demographic and Health Surveys (DHS), Multiple Indicator Cluster Surveys (MICS) and other national surveys","Percent","4","2"
"CEE/CIS","Total 5-14 yr","2000-2010","UN_Demographic and Health Surveys (DHS), Multiple Indicator Cluster Surveys (MICS) and other national surveys","Percent","5","2"
"Central African Republic","Male 5-14 yr","2000-2010","UN_Demographic and Health Surveys (DHS), Multiple Indicator Cluster Surveys (MICS) and other national surveys","Percent","44","3"
"Central African Republic","Female 5-14 yr","2000-2010","UN_Demographic and Health Surveys (DHS), Multiple Indicator Cluster Surveys (MICS) and other national surveys","Percent","49","3"
"Central African Republic","Total 5-14 yr","2000-2010","UN_Demographic and Health Surveys (DHS), Multiple Indicator Cluster Surveys (MICS) and other national surveys","Percent","47","3"
"Chad","Male 5-14 yr","2000-2010","UN_Demographic and Health Surveys (DHS), Multiple Indicator Cluster Surveys (MICS) and other national surveys","Percent","44","3"
"Chad","Female 5-14 yr","2000-2010","UN_Demographic and Health Surveys (DHS), Multiple Indicator Cluster Surveys (MICS) and other national surveys","Percent","52","3"
"Chad","Total 5-14 yr","2000-2010","UN_Demographic and Health Surveys (DHS), Multiple Indicator Cluster Surveys (MICS) and other national surveys","Percent","48","3"
"Chile","Male 5-14 yr","2000-2010","UN_Demographic and Health Surveys (DHS), Multiple Indicator Cluster Surveys (MICS) and other national surveys","Percent","3","3"
"Chile","Female 5-14 yr","2000-2010","UN_Demographic and Health Surveys (DHS), Multiple Indicator Cluster Surveys (MICS) and other national surveys","Percent","2","3"
"Chile","Total 5-14 yr","2000-2010","UN_Demographic and Health Surveys (DHS), Multiple Indicator Cluster Surveys (MICS) and other national surveys","Percent","3","3"
"Colombia","Male 5-14 yr","2000-2010","UN_Demographic and Health Surveys (DHS), Multiple Indicator Cluster Surveys (MICS) and other national surveys","Percent","12","1"
"Colombia","Female 5-14 yr","2000-2010","UN_Demographic and Health Surveys (DHS), Multiple Indicator Cluster Surveys (MICS) and other national surveys","Percent","6","1"
"Colombia","Total 5-14 yr","2000-2010","UN_Demographic and Health Surveys (DHS), Multiple Indicator Cluster Surveys (MICS) and other national surveys","Percent","9","1"
"Comoros","Male 5-14 yr","2000-2010","UN_Demographic and Health Surveys (DHS), Multiple Indicator Cluster Surveys (MICS) and other national surveys","Percent","26","3"
"Comoros","Female 5-14 yr","2000-2010","UN_Demographic and Health Surveys (DHS), Multiple Indicator Cluster Surveys (MICS) and other national surveys","Percent","28","3"
"Comoros","Total 5-14 yr","2000-2010","UN_Demographic and Health Surveys (DHS), Multiple Indicator Cluster Surveys (MICS) and other national surveys","Percent","27","3"
"Congo","Male 5-14 yr","2000-2010","UN_Demographic and Health Surveys (DHS), Multiple Indicator Cluster Surveys (MICS) and other national surveys","Percent","24","3"
"Congo","Female 5-14 yr","2000-2010","UN_Demographic and Health Surveys (DHS), Multiple Indicator Cluster Surveys (MICS) and other national surveys","Percent","25","3"
"Congo","Total 5-14 yr","2000-2010","UN_Demographic and Health Surveys (DHS), Multiple Indicator Cluster Surveys (MICS) and other national surveys","Percent","25","3"
"Costa Rica","Male 5-14 yr","2000-2010","UN_Demographic and Health Surveys (DHS), Multiple Indicator Cluster Surveys (MICS) and other national surveys","Percent","6","3"
"Costa Rica","Female 5-14 yr","2000-2010","UN_Demographic and Health Surveys (DHS), Multiple Indicator Cluster Surveys (MICS) and other national surveys","Percent","3","3"
"Costa Rica","Total 5-14 yr","2000-2010","UN_Demographic and Health Surveys (DHS), Multiple Indicator Cluster Surveys (MICS) and other national surveys","Percent","5","3"
"Côte d'Ivoire","Male 5-14 yr","2000-2010","UN_Demographic and Health Surveys (DHS), Multiple Indicator Cluster Surveys (MICS) and other national surveys","Percent","36","3"
"Côte d'Ivoire","Female 5-14 yr","2000-2010","UN_Demographic and Health Surveys (DHS), Multiple Indicator Cluster Surveys (MICS) and other national surveys","Percent","34","3"
"Côte d'Ivoire","Total 5-14 yr","2000-2010","UN_Demographic and Health Surveys (DHS), Multiple Indicator Cluster Surveys (MICS) and other national surveys","Percent","35","3"
"Democratic Republic of the Congo","Male 5-14 yr","2000-2010","UN_Demographic and Health Surveys (DHS), Multiple Indicator Cluster Surveys (MICS) and other national surveys","Percent","36","3"
"Democratic Republic of the Congo","Female 5-14 yr","2000-2010","UN_Demographic and Health Surveys (DHS), Multiple Indicator Cluster Surveys (MICS) and other national surveys","Percent","48","3"
"Democratic Republic of the Congo","Total 5-14 yr","2000-2010","UN_Demographic and Health Surveys (DHS), Multiple Indicator Cluster Surveys (MICS) and other national surveys","Percent","42","3"
"Developing Countries/Territories","Male 5-14 yr","2000-2010","UN_Demographic and Health Surveys (DHS), Multiple Indicator Cluster Surveys (MICS) and other national surveys","Percent","17","4"
"Developing Countries/Territories","Female 5-14 yr","2000-2010","UN_Demographic and Health Surveys (DHS), Multiple Indicator Cluster Surveys (MICS) and other national surveys","Percent","16","4"
"Developing Countries/Territories","Total 5-14 yr","2000-2010","UN_Demographic and Health Surveys (DHS), Multiple Indicator Cluster Surveys (MICS) and other national surveys","Percent","17","4"
"Djibouti","Male 5-14 yr","2000-2010","UN_Demographic and Health Surveys (DHS), Multiple Indicator Cluster Surveys (MICS) and other national surveys","Percent","8","3"
"Djibouti","Female 5-14 yr","2000-2010","UN_Demographic and Health Surveys (DHS), Multiple Indicator Cluster Surveys (MICS) and other national surveys","Percent","8","3"
"Djibouti","Total 5-14 yr","2000-2010","UN_Demographic and Health Surveys (DHS), Multiple Indicator Cluster Surveys (MICS) and other national surveys","Percent","8","3"
"Dominican Republic","Male 5-14 yr","2000-2010","UN_Demographic and Health Surveys (DHS), Multiple Indicator Cluster Surveys (MICS) and other national surveys","Percent","12","3"
"Dominican Republic","Female 5-14 yr","2000-2010","UN_Demographic and Health Surveys (DHS), Multiple Indicator Cluster Surveys (MICS) and other national surveys","Percent","7","3"
"Dominican Republic","Total 5-14 yr","2000-2010","UN_Demographic and Health Surveys (DHS), Multiple Indicator Cluster Surveys (MICS) and other national surveys","Percent","10","3"
"East Asia and Pacific","Male 5-14 yr","2000-2010","UN_Demographic and Health Surveys (DHS), Multiple Indicator Cluster Surveys (MICS) and other national surveys","Percent","11","4"
"East Asia and Pacific","Female 5-14 yr","2000-2010","UN_Demographic and Health Surveys (DHS), Multiple Indicator Cluster Surveys (MICS) and other national surveys","Percent","10","4"
"East Asia and Pacific","Total 5-14 yr","2000-2010","UN_Demographic and Health Surveys (DHS), Multiple Indicator Cluster Surveys (MICS) and other national surveys","Percent","10","4"
"Eastern and Southern Africa","Male 5-14 yr","2000-2010","UN_Demographic and Health Surveys (DHS), Multiple Indicator Cluster Surveys (MICS) and other national surveys","Percent","35","2"
"Eastern and Southern Africa","Female 5-14 yr","2000-2010","UN_Demographic and Health Surveys (DHS), Multiple Indicator Cluster Surveys (MICS) and other national surveys","Percent","31","2"
"Eastern and Southern Africa","Total 5-14 yr","2000-2010","UN_Demographic and Health Surveys (DHS), Multiple Indicator Cluster Surveys (MICS) and other national surveys","Percent","33","2"
"Ecuador","Male 5-14 yr","2000-2010","UN_Demographic and Health Surveys (DHS), Multiple Indicator Cluster Surveys (MICS) and other national surveys","Percent","7","3"
"Ecuador","Female 5-14 yr","2000-2010","UN_Demographic and Health Surveys (DHS), Multiple Indicator Cluster Surveys (MICS) and other national surveys","Percent","8","3"
"Ecuador","Total 5-14 yr","2000-2010","UN_Demographic and Health Surveys (DHS), Multiple Indicator Cluster Surveys (MICS) and other national surveys","Percent","8","3"
"Egypt","Male 5-14 yr","2000-2010","UN_Demographic and Health Surveys (DHS), Multiple Indicator Cluster Surveys (MICS) and other national surveys","Percent","8","3"
"Egypt","Female 5-14 yr","2000-2010","UN_Demographic and Health Surveys (DHS), Multiple Indicator Cluster Surveys (MICS) and other national surveys","Percent","5","3"
"Egypt","Total 5-14 yr","2000-2010","UN_Demographic and Health Surveys (DHS), Multiple Indicator Cluster Surveys (MICS) and other national surveys","Percent","7","3"
"El Salvador","Male 5-14 yr","2000-2010","UN_Demographic and Health Surveys (DHS), Multiple Indicator Cluster Surveys (MICS) and other national surveys","Percent","7","1"
"El Salvador","Female 5-14 yr","2000-2010","UN_Demographic and Health Surveys (DHS), Multiple Indicator Cluster Surveys (MICS) and other national surveys","Percent","3","1"
"El Salvador","Total 5-14 yr","2000-2010","UN_Demographic and Health Surveys (DHS), Multiple Indicator Cluster Surveys (MICS) and other national surveys","Percent","5","1"
"Equatorial Guinea","Male 5-14 yr","2000-2010","UN_Demographic and Health Surveys (DHS), Multiple Indicator Cluster Surveys (MICS) and other national surveys","Percent","28","3"
"Equatorial Guinea","Female 5-14 yr","2000-2010","UN_Demographic and Health Surveys (DHS), Multiple Indicator Cluster Surveys (MICS) and other national surveys","Percent","28","3"
"Equatorial Guinea","Total 5-14 yr","2000-2010","UN_Demographic and Health Surveys (DHS), Multiple Indicator Cluster Surveys (MICS) and other national surveys","Percent","28","3"
"Ethiopia","Male 5-14 yr","2000-2010","UN_Demographic and Health Surveys (DHS), Multiple Indicator Cluster Surveys (MICS) and other national surveys","Percent","59","3"
"Ethiopia","Female 5-14 yr","2000-2010","UN_Demographic and Health Surveys (DHS), Multiple Indicator Cluster Surveys (MICS) and other national surveys","Percent","46","3"
"Ethiopia","Total 5-14 yr","2000-2010","UN_Demographic and Health Surveys (DHS), Multiple Indicator Cluster Surveys (MICS) and other national surveys","Percent","53","3"
"Gambia","Male 5-14 yr","2000-2010","UN_Demographic and Health Surveys (DHS), Multiple Indicator Cluster Surveys (MICS) and other national surveys","Percent","20","3"
"Gambia","Female 5-14 yr","2000-2010","UN_Demographic and Health Surveys (DHS), Multiple Indicator Cluster Surveys (MICS) and other national surveys","Percent","29","3"
"Gambia","Total 5-14 yr","2000-2010","UN_Demographic and Health Surveys (DHS), Multiple Indicator Cluster Surveys (MICS) and other national surveys","Percent","25","3"
"Georgia","Male 5-14 yr","2000-2010","UN_Demographic and Health Surveys (DHS), Multiple Indicator Cluster Surveys (MICS) and other national surveys","Percent","20","3"
"Georgia","Female 5-14 yr","2000-2010","UN_Demographic and Health Surveys (DHS), Multiple Indicator Cluster Surveys (MICS) and other national surveys","Percent","17","3"
"Georgia","Total 5-14 yr","2000-2010","UN_Demographic and Health Surveys (DHS), Multiple Indicator Cluster Surveys (MICS) and other national surveys","Percent","18","3"
"Ghana","Male 5-14 yr","2000-2010","UN_Demographic and Health Surveys (DHS), Multiple Indicator Cluster Surveys (MICS) and other national surveys","Percent","34","3"
"Ghana","Female 5-14 yr","2000-2010","UN_Demographic and Health Surveys (DHS), Multiple Indicator Cluster Surveys (MICS) and other national surveys","Percent","34","3"
"Ghana","Total 5-14 yr","2000-2010","UN_Demographic and Health Surveys (DHS), Multiple Indicator Cluster Surveys (MICS) and other national surveys","Percent","34","3"
"Guatemala","Total 5-14 yr","2000-2010","UN_Demographic and Health Surveys (DHS), Multiple Indicator Cluster Surveys (MICS) and other national surveys","Percent","21","1"
"Guinea","Male 5-14 yr","2000-2010","UN_Demographic and Health Surveys (DHS), Multiple Indicator Cluster Surveys (MICS) and other national surveys","Percent","26","3"
"Guinea","Female 5-14 yr","2000-2010","UN_Demographic and Health Surveys (DHS), Multiple Indicator Cluster Surveys (MICS) and other national surveys","Percent","24","3"
"Guinea","Total 5-14 yr","2000-2010","UN_Demographic and Health Surveys (DHS), Multiple Indicator Cluster Surveys (MICS) and other national surveys","Percent","25","3"
"Guinea-Bissau","Male 5-14 yr","2000-2010","UN_Demographic and Health Surveys (DHS), Multiple Indicator Cluster Surveys (MICS) and other national surveys","Percent","55","3"
"Guinea-Bissau","Female 5-14 yr","2000-2010","UN_Demographic and Health Surveys (DHS), Multiple Indicator Cluster Surveys (MICS) and other national surveys","Percent","60","3"
"Guinea-Bissau","Total 5-14 yr","2000-2010","UN_Demographic and Health Surveys (DHS), Multiple Indicator Cluster Surveys (MICS) and other national surveys","Percent","57","3"
"Guyana","Male 5-14 yr","2000-2010","UN_Demographic and Health Surveys (DHS), Multiple Indicator Cluster Surveys (MICS) and other national surveys","Percent","17","3"
"Guyana","Female 5-14 yr","2000-2010","UN_Demographic and Health Surveys (DHS), Multiple Indicator Cluster Surveys (MICS) and other national surveys","Percent","16","3"
"Guyana","Total 5-14 yr","2000-2010","UN_Demographic and Health Surveys (DHS), Multiple Indicator Cluster Surveys (MICS) and other national surveys","Percent","16","3"
"Haiti","Male 5-14 yr","2000-2010","UN_Demographic and Health Surveys (DHS), Multiple Indicator Cluster Surveys (MICS) and other national surveys","Percent","22","3"
"Haiti","Female 5-14 yr","2000-2010","UN_Demographic and Health Surveys (DHS), Multiple Indicator Cluster Surveys (MICS) and other national surveys","Percent","19","3"
"Haiti","Total 5-14 yr","2000-2010","UN_Demographic and Health Surveys (DHS), Multiple Indicator Cluster Surveys (MICS) and other national surveys","Percent","21","3"
"Honduras","Male 5-14 yr","2000-2010","UN_Demographic and Health Surveys (DHS), Multiple Indicator Cluster Surveys (MICS) and other national surveys","Percent","16","3"
"Honduras","Female 5-14 yr","2000-2010","UN_Demographic and Health Surveys (DHS), Multiple Indicator Cluster Surveys (MICS) and other national surveys","Percent","15","3"
"Honduras","Total 5-14 yr","2000-2010","UN_Demographic and Health Surveys (DHS), Multiple Indicator Cluster Surveys (MICS) and other national surveys","Percent","16","3"
"India","Male 5-14 yr","2000-2010","UN_Demographic and Health Surveys (DHS), Multiple Indicator Cluster Surveys (MICS) and other national surveys","Percent","12","3"
"India","Female 5-14 yr","2000-2010","UN_Demographic and Health Surveys (DHS), Multiple Indicator Cluster Surveys (MICS) and other national surveys","Percent","12","3"
"India","Total 5-14 yr","2000-2010","UN_Demographic and Health Surveys (DHS), Multiple Indicator Cluster Surveys (MICS) and other national surveys","Percent","12","3"
"Indonesia","Male 5-14 yr","2000-2010","UN_Demographic and Health Surveys (DHS), Multiple Indicator Cluster Surveys (MICS) and other national surveys","Percent","8","1"
"Indonesia","Female 5-14 yr","2000-2010","UN_Demographic and Health Surveys (DHS), Multiple Indicator Cluster Surveys (MICS) and other national surveys","Percent","6","1"
"Indonesia","Total 5-14 yr","2000-2010","UN_Demographic and Health Surveys (DHS), Multiple Indicator Cluster Surveys (MICS) and other national surveys","Percent","7","1"
"Iraq","Male 5-14 yr","2000-2010","UN_Demographic and Health Surveys (DHS), Multiple Indicator Cluster Surveys (MICS) and other national surveys","Percent","12","3"
"Iraq","Female 5-14 yr","2000-2010","UN_Demographic and Health Surveys (DHS), Multiple Indicator Cluster Surveys (MICS) and other national surveys","Percent","9","3"
"Iraq","Total 5-14 yr","2000-2010","UN_Demographic and Health Surveys (DHS), Multiple Indicator Cluster Surveys (MICS) and other national surveys","Percent","11","3"
"Jamaica","Male 5-14 yr","2000-2010","UN_Demographic and Health Surveys (DHS), Multiple Indicator Cluster Surveys (MICS) and other national surveys","Percent","7","3"
"Jamaica","Female 5-14 yr","2000-2010","UN_Demographic and Health Surveys (DHS), Multiple Indicator Cluster Surveys (MICS) and other national surveys","Percent","5","3"
"Jamaica","Total 5-14 yr","2000-2010","UN_Demographic and Health Surveys (DHS), Multiple Indicator Cluster Surveys (MICS) and other national surveys","Percent","6","3"
"Kazakhstan","Male 5-14 yr","2000-2010","UN_Demographic and Health Surveys (DHS), Multiple Indicator Cluster Surveys (MICS) and other national surveys","Percent","2","3"
"Kazakhstan","Female 5-14 yr","2000-2010","UN_Demographic and Health Surveys (DHS), Multiple Indicator Cluster Surveys (MICS) and other national surveys","Percent","2","3"
"Kazakhstan","Total 5-14 yr","2000-2010","UN_Demographic and Health Surveys (DHS), Multiple Indicator Cluster Surveys (MICS) and other national surveys","Percent","2","3"
"Kenya","Male 5-14 yr","2000-2010","UN_Demographic and Health Surveys (DHS), Multiple Indicator Cluster Surveys (MICS) and other national surveys","Percent","27","3"
"Kenya","Female 5-14 yr","2000-2010","UN_Demographic and Health Surveys (DHS), Multiple Indicator Cluster Surveys (MICS) and other national surveys","Percent","25","3"
"Kenya","Total 5-14 yr","2000-2010","UN_Demographic and Health Surveys (DHS), Multiple Indicator Cluster Surveys (MICS) and other national surveys","Percent","26","3"
"Kyrgyzstan","Male 5-14 yr","2000-2010","UN_Demographic and Health Surveys (DHS), Multiple Indicator Cluster Surveys (MICS) and other national surveys","Percent","4","3"
"Kyrgyzstan","Female 5-14 yr","2000-2010","UN_Demographic and Health Surveys (DHS), Multiple Indicator Cluster Surveys (MICS) and other national surveys","Percent","3","3"
"Kyrgyzstan","Total 5-14 yr","2000-2010","UN_Demographic and Health Surveys (DHS), Multiple Indicator Cluster Surveys (MICS) and other national surveys","Percent","4","3"
"Lao People's Democratic Republic","Male 5-14 yr","2000-2010","UN_Demographic and Health Surveys (DHS), Multiple Indicator Cluster Surveys (MICS) and other national surveys","Percent","10","3"
"Lao People's Democratic Republic","Female 5-14 yr","2000-2010","UN_Demographic and Health Surveys (DHS), Multiple Indicator Cluster Surveys (MICS) and other national surveys","Percent","13","3"
"Lao People's Democratic Republic","Total 5-14 yr","2000-2010","UN_Demographic and Health Surveys (DHS), Multiple Indicator Cluster Surveys (MICS) and other national surveys","Percent","11","3"
"Latin America and Caribbean","Male 5-14 yr","2000-2010","UN_Demographic and Health Surveys (DHS), Multiple Indicator Cluster Surveys (MICS) and other national surveys","Percent","9","2"
"Latin America and Caribbean","Female 5-14 yr","2000-2010","UN_Demographic and Health Surveys (DHS), Multiple Indicator Cluster Surveys (MICS) and other national surveys","Percent","7","2"
"Latin America and Caribbean","Total 5-14 yr","2000-2010","UN_Demographic and Health Surveys (DHS), Multiple Indicator Cluster Surveys (MICS) and other national surveys","Percent","8","2"
"Least Developed Countries/Territories","Male 5-14 yr","2000-2010","UN_Demographic and Health Surveys (DHS), Multiple Indicator Cluster Surveys (MICS) and other national surveys","Percent","30","2"
"Least Developed Countries/Territories","Female 5-14 yr","2000-2010","UN_Demographic and Health Surveys (DHS), Multiple Indicator Cluster Surveys (MICS) and other national surveys","Percent","28","2"
"Least Developed Countries/Territories","Total 5-14 yr","2000-2010","UN_Demographic and Health Surveys (DHS), Multiple Indicator Cluster Surveys (MICS) and other national surveys","Percent","29","2"
"Lebanon","Male 5-14 yr","2000-2010","UN_Demographic and Health Surveys (DHS), Multiple Indicator Cluster Surveys (MICS) and other national surveys","Percent","8","3"
"Lebanon","Female 5-14 yr","2000-2010","UN_Demographic and Health Surveys (DHS), Multiple Indicator Cluster Surveys (MICS) and other national surveys","Percent","6","3"
"Lebanon","Total 5-14 yr","2000-2010","UN_Demographic and Health Surveys (DHS), Multiple Indicator Cluster Surveys (MICS) and other national surveys","Percent","7","3"
"Lesotho","Male 5-14 yr","2000-2010","UN_Demographic and Health Surveys (DHS), Multiple Indicator Cluster Surveys (MICS) and other national surveys","Percent","25","3"
"Lesotho","Female 5-14 yr","2000-2010","UN_Demographic and Health Surveys (DHS), Multiple Indicator Cluster Surveys (MICS) and other national surveys","Percent","21","3"
"Lesotho","Total 5-14 yr","2000-2010","UN_Demographic and Health Surveys (DHS), Multiple Indicator Cluster Surveys (MICS) and other national surveys","Percent","23","3"
"Liberia","Male 5-14 yr","2000-2010","UN_Demographic and Health Surveys (DHS), Multiple Indicator Cluster Surveys (MICS) and other national surveys","Percent","21","3"
"Liberia","Female 5-14 yr","2000-2010","UN_Demographic and Health Surveys (DHS), Multiple Indicator Cluster Surveys (MICS) and other national surveys","Percent","21","3"
"Liberia","Total 5-14 yr","2000-2010","UN_Demographic and Health Surveys (DHS), Multiple Indicator Cluster Surveys (MICS) and other national surveys","Percent","21","3"
"Madagascar","Male 5-14 yr","2000-2010","UN_Demographic and Health Surveys (DHS), Multiple Indicator Cluster Surveys (MICS) and other national surveys","Percent","29","1"
"Madagascar","Female 5-14 yr","2000-2010","UN_Demographic and Health Surveys (DHS), Multiple Indicator Cluster Surveys (MICS) and other national surveys","Percent","27","1"
"Madagascar","Total 5-14 yr","2000-2010","UN_Demographic and Health Surveys (DHS), Multiple Indicator Cluster Surveys (MICS) and other national surveys","Percent","28","1"
"Malawi","Male 5-14 yr","2000-2010","UN_Demographic and Health Surveys (DHS), Multiple Indicator Cluster Surveys (MICS) and other national surveys","Percent","25","3"
"Malawi","Female 5-14 yr","2000-2010","UN_Demographic and Health Surveys (DHS), Multiple Indicator Cluster Surveys (MICS) and other national surveys","Percent","26","3"
"Malawi","Total 5-14 yr","2000-2010","UN_Demographic and Health Surveys (DHS), Multiple Indicator Cluster Surveys (MICS) and other national surveys","Percent","26","3"
"Mali","Male 5-14 yr","2000-2010","UN_Demographic and Health Surveys (DHS), Multiple Indicator Cluster Surveys (MICS) and other national surveys","Percent","33","3"
"Mali","Female 5-14 yr","2000-2010","UN_Demographic and Health Surveys (DHS), Multiple Indicator Cluster Surveys (MICS) and other national surveys","Percent","38","3"
"Mali","Total 5-14 yr","2000-2010","UN_Demographic and Health Surveys (DHS), Multiple Indicator Cluster Surveys (MICS) and other national surveys","Percent","36","3"
"Mauritania","Male 5-14 yr","2000-2010","UN_Demographic and Health Surveys (DHS), Multiple Indicator Cluster Surveys (MICS) and other national surveys","Percent","18","3"
"Mauritania","Female 5-14 yr","2000-2010","UN_Demographic and Health Surveys (DHS), Multiple Indicator Cluster Surveys (MICS) and other national surveys","Percent","15","3"
"Mauritania","Total 5-14 yr","2000-2010","UN_Demographic and Health Surveys (DHS), Multiple Indicator Cluster Surveys (MICS) and other national surveys","Percent","16","3"
"Mexico","Male 5-14 yr","2000-2010","UN_Demographic and Health Surveys (DHS), Multiple Indicator Cluster Surveys (MICS) and other national surveys","Percent","6","3"
"Mexico","Female 5-14 yr","2000-2010","UN_Demographic and Health Surveys (DHS), Multiple Indicator Cluster Surveys (MICS) and other national surveys","Percent","5","3"
"Mexico","Total 5-14 yr","2000-2010","UN_Demographic and Health Surveys (DHS), Multiple Indicator Cluster Surveys (MICS) and other national surveys","Percent","5","3"
"Middle East and North Africa","Male 5-14 yr","2000-2010","UN_Demographic and Health Surveys (DHS), Multiple Indicator Cluster Surveys (MICS) and other national surveys","Percent","11","2"
"Middle East and North Africa","Female 5-14 yr","2000-2010","UN_Demographic and Health Surveys (DHS), Multiple Indicator Cluster Surveys (MICS) and other national surveys","Percent","9","2"
"Middle East and North Africa","Total 5-14 yr","2000-2010","UN_Demographic and Health Surveys (DHS), Multiple Indicator Cluster Surveys (MICS) and other national surveys","Percent","10","2"
"Mongolia","Male 5-14 yr","2000-2010","UN_Demographic and Health Surveys (DHS), Multiple Indicator Cluster Surveys (MICS) and other national surveys","Percent","19","3"
"Mongolia","Female 5-14 yr","2000-2010","UN_Demographic and Health Surveys (DHS), Multiple Indicator Cluster Surveys (MICS) and other national surveys","Percent","17","3"
"Mongolia","Total 5-14 yr","2000-2010","UN_Demographic and Health Surveys (DHS), Multiple Indicator Cluster Surveys (MICS) and other national surveys","Percent","18","3"
"Montenegro","Male 5-14 yr","2000-2010","UN_Demographic and Health Surveys (DHS), Multiple Indicator Cluster Surveys (MICS) and other national surveys","Percent","12","3"
"Montenegro","Female 5-14 yr","2000-2010","UN_Demographic and Health Surveys (DHS), Multiple Indicator Cluster Surveys (MICS) and other national surveys","Percent","8","3"
"Montenegro","Total 5-14 yr","2000-2010","UN_Demographic and Health Surveys (DHS), Multiple Indicator Cluster Surveys (MICS) and other national surveys","Percent","10","3"
"Morocco","Male 5-14 yr","2000-2010","UN_Demographic and Health Surveys (DHS), Multiple Indicator Cluster Surveys (MICS) and other national surveys","Percent","9","3"
"Morocco","Female 5-14 yr","2000-2010","UN_Demographic and Health Surveys (DHS), Multiple Indicator Cluster Surveys (MICS) and other national surveys","Percent","8","3"
"Morocco","Total 5-14 yr","2000-2010","UN_Demographic and Health Surveys (DHS), Multiple Indicator Cluster Surveys (MICS) and other national surveys","Percent","8","3"
"Mozambique","Male 5-14 yr","2000-2010","UN_Demographic and Health Surveys (DHS), Multiple Indicator Cluster Surveys (MICS) and other national surveys","Percent","21","3"
"Mozambique","Female 5-14 yr","2000-2010","UN_Demographic and Health Surveys (DHS), Multiple Indicator Cluster Surveys (MICS) and other national surveys","Percent","24","3"
"Mozambique","Total 5-14 yr","2000-2010","UN_Demographic and Health Surveys (DHS), Multiple Indicator Cluster Surveys (MICS) and other national surveys","Percent","22","3"
"Nepal","Male 5-14 yr","2000-2010","UN_Demographic and Health Surveys (DHS), Multiple Indicator Cluster Surveys (MICS) and other national surveys","Percent","30","1"
"Nepal","Female 5-14 yr","2000-2010","UN_Demographic and Health Surveys (DHS), Multiple Indicator Cluster Surveys (MICS) and other national surveys","Percent","38","1"
"Nepal","Total 5-14 yr","2000-2010","UN_Demographic and Health Surveys (DHS), Multiple Indicator Cluster Surveys (MICS) and other national surveys","Percent","34","1"
"Nicaragua","Male 5-14 yr","2000-2010","UN_Demographic and Health Surveys (DHS), Multiple Indicator Cluster Surveys (MICS) and other national surveys","Percent","18","3"
"Nicaragua","Female 5-14 yr","2000-2010","UN_Demographic and Health Surveys (DHS), Multiple Indicator Cluster Surveys (MICS) and other national surveys","Percent","11","3"
"Nicaragua","Total 5-14 yr","2000-2010","UN_Demographic and Health Surveys (DHS), Multiple Indicator Cluster Surveys (MICS) and other national surveys","Percent","15","3"
"Niger","Male 5-14 yr","2000-2010","UN_Demographic and Health Surveys (DHS), Multiple Indicator Cluster Surveys (MICS) and other national surveys","Percent","43","3"
"Niger","Female 5-14 yr","2000-2010","UN_Demographic and Health Surveys (DHS), Multiple Indicator Cluster Surveys (MICS) and other national surveys","Percent","43","3"
"Niger","Total 5-14 yr","2000-2010","UN_Demographic and Health Surveys (DHS), Multiple Indicator Cluster Surveys (MICS) and other national surveys","Percent","43","3"
"Nigeria","Male 5-14 yr","2000-2010","UN_Demographic and Health Surveys (DHS), Multiple Indicator Cluster Surveys (MICS) and other national surveys","Percent","29","3"
"Nigeria","Female 5-14 yr","2000-2010","UN_Demographic and Health Surveys (DHS), Multiple Indicator Cluster Surveys (MICS) and other national surveys","Percent","29","3"
"Nigeria","Total 5-14 yr","2000-2010","UN_Demographic and Health Surveys (DHS), Multiple Indicator Cluster Surveys (MICS) and other national surveys","Percent","29","3"
"Panama","Male 5-14 yr","2000-2010","UN_Demographic and Health Surveys (DHS), Multiple Indicator Cluster Surveys (MICS) and other national surveys","Percent","10","1"
"Panama","Female 5-14 yr","2000-2010","UN_Demographic and Health Surveys (DHS), Multiple Indicator Cluster Surveys (MICS) and other national surveys","Percent","4","1"
"Panama","Total 5-14 yr","2000-2010","UN_Demographic and Health Surveys (DHS), Multiple Indicator Cluster Surveys (MICS) and other national surveys","Percent","7","1"
"Paraguay","Male 5-14 yr","2000-2010","UN_Demographic and Health Surveys (DHS), Multiple Indicator Cluster Surveys (MICS) and other national surveys","Percent","17","3"
"Paraguay","Female 5-14 yr","2000-2010","UN_Demographic and Health Surveys (DHS), Multiple Indicator Cluster Surveys (MICS) and other national surveys","Percent","12","3"
"Paraguay","Total 5-14 yr","2000-2010","UN_Demographic and Health Surveys (DHS), Multiple Indicator Cluster Surveys (MICS) and other national surveys","Percent","15","3"
"Peru","Male 5-14 yr","2000-2010","UN_Demographic and Health Surveys (DHS), Multiple Indicator Cluster Surveys (MICS) and other national surveys","Percent","31","1"
"Peru","Female 5-14 yr","2000-2010","UN_Demographic and Health Surveys (DHS), Multiple Indicator Cluster Surveys (MICS) and other national surveys","Percent","36","1"
"Peru","Total 5-14 yr","2000-2010","UN_Demographic and Health Surveys (DHS), Multiple Indicator Cluster Surveys (MICS) and other national surveys","Percent","34","1"
"Portugal","Male 5-14 yr","2000-2010","UN_Demographic and Health Surveys (DHS), Multiple Indicator Cluster Surveys (MICS) and other national surveys","Percent","4","1"
"Portugal","Female 5-14 yr","2000-2010","UN_Demographic and Health Surveys (DHS), Multiple Indicator Cluster Surveys (MICS) and other national surveys","Percent","3","1"
"Portugal","Total 5-14 yr","2000-2010","UN_Demographic and Health Surveys (DHS), Multiple Indicator Cluster Surveys (MICS) and other national surveys","Percent","3","1"
"Republic of Moldova","Male 5-14 yr","2000-2010","UN_Demographic and Health Surveys (DHS), Multiple Indicator Cluster Surveys (MICS) and other national surveys","Percent","20","3"
"Republic of Moldova","Female 5-14 yr","2000-2010","UN_Demographic and Health Surveys (DHS), Multiple Indicator Cluster Surveys (MICS) and other national surveys","Percent","12","3"
"Republic of Moldova","Total 5-14 yr","2000-2010","UN_Demographic and Health Surveys (DHS), Multiple Indicator Cluster Surveys (MICS) and other national surveys","Percent","16","3"
"Romania","Male 5-14 yr","2000-2010","UN_Demographic and Health Surveys (DHS), Multiple Indicator Cluster Surveys (MICS) and other national surveys","Percent","1","3"
"Romania","Female 5-14 yr","2000-2010","UN_Demographic and Health Surveys (DHS), Multiple Indicator Cluster Surveys (MICS) and other national surveys","Percent","1","3"
"Romania","Total 5-14 yr","2000-2010","UN_Demographic and Health Surveys (DHS), Multiple Indicator Cluster Surveys (MICS) and other national surveys","Percent","1","3"
"Rwanda","Male 5-14 yr","2000-2010","UN_Demographic and Health Surveys (DHS), Multiple Indicator Cluster Surveys (MICS) and other national surveys","Percent","36","3"
"Rwanda","Female 5-14 yr","2000-2010","UN_Demographic and Health Surveys (DHS), Multiple Indicator Cluster Surveys (MICS) and other national surveys","Percent","35","3"
"Rwanda","Total 5-14 yr","2000-2010","UN_Demographic and Health Surveys (DHS), Multiple Indicator Cluster Surveys (MICS) and other national surveys","Percent","35","3"
"Sao Tome and Principe","Male 5-14 yr","2000-2010","UN_Demographic and Health Surveys (DHS), Multiple Indicator Cluster Surveys (MICS) and other national surveys","Percent","8","3"
"Sao Tome and Principe","Female 5-14 yr","2000-2010","UN_Demographic and Health Surveys (DHS), Multiple Indicator Cluster Surveys (MICS) and other national surveys","Percent","7","3"
"Sao Tome and Principe","Total 5-14 yr","2000-2010","UN_Demographic and Health Surveys (DHS), Multiple Indicator Cluster Surveys (MICS) and other national surveys","Percent","8","3"
"Senegal","Male 5-14 yr","2000-2010","UN_Demographic and Health Surveys (DHS), Multiple Indicator Cluster Surveys (MICS) and other national surveys","Percent","24","3"
"Senegal","Female 5-14 yr","2000-2010","UN_Demographic and Health Surveys (DHS), Multiple Indicator Cluster Surveys (MICS) and other national surveys","Percent","21","3"
"Senegal","Total 5-14 yr","2000-2010","UN_Demographic and Health Surveys (DHS), Multiple Indicator Cluster Surveys (MICS) and other national surveys","Percent","22","3"
"Serbia","Male 5-14 yr","2000-2010","UN_Demographic and Health Surveys (DHS), Multiple Indicator Cluster Surveys (MICS) and other national surveys","Percent","5","3"
"Serbia","Female 5-14 yr","2000-2010","UN_Demographic and Health Surveys (DHS), Multiple Indicator Cluster Surveys (MICS) and other national surveys","Percent","4","3"
"Serbia","Total 5-14 yr","2000-2010","UN_Demographic and Health Surveys (DHS), Multiple Indicator Cluster Surveys (MICS) and other national surveys","Percent","4","3"
"Sierra Leone","Male 5-14 yr","2000-2010","UN_Demographic and Health Surveys (DHS), Multiple Indicator Cluster Surveys (MICS) and other national surveys","Percent","49","3"
"Sierra Leone","Female 5-14 yr","2000-2010","UN_Demographic and Health Surveys (DHS), Multiple Indicator Cluster Surveys (MICS) and other national surveys","Percent","48","3"
"Sierra Leone","Total 5-14 yr","2000-2010","UN_Demographic and Health Surveys (DHS), Multiple Indicator Cluster Surveys (MICS) and other national surveys","Percent","48","3"
"Somalia","Male 5-14 yr","2000-2010","UN_Demographic and Health Surveys (DHS), Multiple Indicator Cluster Surveys (MICS) and other national surveys","Percent","45","3"
"Somalia","Female 5-14 yr","2000-2010","UN_Demographic and Health Surveys (DHS), Multiple Indicator Cluster Surveys (MICS) and other national surveys","Percent","54","3"
"Somalia","Total 5-14 yr","2000-2010","UN_Demographic and Health Surveys (DHS), Multiple Indicator Cluster Surveys (MICS) and other national surveys","Percent","49","3"
"South Asia","Male 5-14 yr","2000-2010","UN_Demographic and Health Surveys (DHS), Multiple Indicator Cluster Surveys (MICS) and other national surveys","Percent","13","2"
"South Asia","Female 5-14 yr","2000-2010","UN_Demographic and Health Surveys (DHS), Multiple Indicator Cluster Surveys (MICS) and other national surveys","Percent","12","2"
"South Asia","Total 5-14 yr","2000-2010","UN_Demographic and Health Surveys (DHS), Multiple Indicator Cluster Surveys (MICS) and other national surveys","Percent","13","2"
"South Sudan","Male 5-14 yr","2000-2010","UN_Demographic and Health Surveys (DHS), Multiple Indicator Cluster Surveys (MICS) and other national surveys","Percent","14","5"
"South Sudan","Female 5-14 yr","2000-2010","UN_Demographic and Health Surveys (DHS), Multiple Indicator Cluster Surveys (MICS) and other national surveys","Percent","12","5"
"South Sudan","Total 5-14 yr","2000-2010","UN_Demographic and Health Surveys (DHS), Multiple Indicator Cluster Surveys (MICS) and other national surveys","Percent","13","5"
"Sub-Saharan Africa","Male 5-14 yr","2000-2010","UN_Demographic and Health Surveys (DHS), Multiple Indicator Cluster Surveys (MICS) and other national surveys","Percent","33","2"
"Sub-Saharan Africa","Female 5-14 yr","2000-2010","UN_Demographic and Health Surveys (DHS), Multiple Indicator Cluster Surveys (MICS) and other national surveys","Percent","32","2"
"Sub-Saharan Africa","Total 5-14 yr","2000-2010","UN_Demographic and Health Surveys (DHS), Multiple Indicator Cluster Surveys (MICS) and other national surveys","Percent","32","2"
"Sudan","Male 5-14 yr","2000-2010","UN_Demographic and Health Surveys (DHS), Multiple Indicator Cluster Surveys (MICS) and other national surveys","Percent","14","5"
"Sudan","Female 5-14 yr","2000-2010","UN_Demographic and Health Surveys (DHS), Multiple Indicator Cluster Surveys (MICS) and other national surveys","Percent","12","5"
"Sudan","Total 5-14 yr","2000-2010","UN_Demographic and Health Surveys (DHS), Multiple Indicator Cluster Surveys (MICS) and other national surveys","Percent","13","5"
"Suriname","Male 5-14 yr","2000-2010","UN_Demographic and Health Surveys (DHS), Multiple Indicator Cluster Surveys (MICS) and other national surveys","Percent","7","3"
"Suriname","Female 5-14 yr","2000-2010","UN_Demographic and Health Surveys (DHS), Multiple Indicator Cluster Surveys (MICS) and other national surveys","Percent","5","3"
"Suriname","Total 5-14 yr","2000-2010","UN_Demographic and Health Surveys (DHS), Multiple Indicator Cluster Surveys (MICS) and other national surveys","Percent","6","3"
"Swaziland","Male 5-14 yr","2000-2010","UN_Demographic and Health Surveys (DHS), Multiple Indicator Cluster Surveys (MICS) and other national surveys","Percent","9","3"
"Swaziland","Female 5-14 yr","2000-2010","UN_Demographic and Health Surveys (DHS), Multiple Indicator Cluster Surveys (MICS) and other national surveys","Percent","9","3"
"Swaziland","Total 5-14 yr","2000-2010","UN_Demographic and Health Surveys (DHS), Multiple Indicator Cluster Surveys (MICS) and other national surveys","Percent","9","3"
"Syrian Arab Republic","Male 5-14 yr","2000-2010","UN_Demographic and Health Surveys (DHS), Multiple Indicator Cluster Surveys (MICS) and other national surveys","Percent","5","3"
"Syrian Arab Republic","Female 5-14 yr","2000-2010","UN_Demographic and Health Surveys (DHS), Multiple Indicator Cluster Surveys (MICS) and other national surveys","Percent","3","3"
"Syrian Arab Republic","Total 5-14 yr","2000-2010","UN_Demographic and Health Surveys (DHS), Multiple Indicator Cluster Surveys (MICS) and other national surveys","Percent","4","3"
"Tajikistan","Male 5-14 yr","2000-2010","UN_Demographic and Health Surveys (DHS), Multiple Indicator Cluster Surveys (MICS) and other national surveys","Percent","9","3"
"Tajikistan","Female 5-14 yr","2000-2010","UN_Demographic and Health Surveys (DHS), Multiple Indicator Cluster Surveys (MICS) and other national surveys","Percent","11","3"
"Tajikistan","Total 5-14 yr","2000-2010","UN_Demographic and Health Surveys (DHS), Multiple Indicator Cluster Surveys (MICS) and other national surveys","Percent","10","3"
"Thailand","Male 5-14 yr","2000-2010","UN_Demographic and Health Surveys (DHS), Multiple Indicator Cluster Surveys (MICS) and other national surveys","Percent","8","3"
"Thailand","Female 5-14 yr","2000-2010","UN_Demographic and Health Surveys (DHS), Multiple Indicator Cluster Surveys (MICS) and other national surveys","Percent","8","3"
"Thailand","Total 5-14 yr","2000-2010","UN_Demographic and Health Surveys (DHS), Multiple Indicator Cluster Surveys (MICS) and other national surveys","Percent","8","3"
"The former Yugoslav Republic of Macedonia","Male 5-14 yr","2000-2010","UN_Demographic and Health Surveys (DHS), Multiple Indicator Cluster Surveys (MICS) and other national surveys","Percent","7","3"
"The former Yugoslav Republic of Macedonia","Female 5-14 yr","2000-2010","UN_Demographic and Health Surveys (DHS), Multiple Indicator Cluster Surveys (MICS) and other national surveys","Percent","5","3"
"The former Yugoslav Republic of Macedonia","Total 5-14 yr","2000-2010","UN_Demographic and Health Surveys (DHS), Multiple Indicator Cluster Surveys (MICS) and other national surveys","Percent","6","3"
"Timor-Leste","Male 5-14 yr","2000-2010","UN_Demographic and Health Surveys (DHS), Multiple Indicator Cluster Surveys (MICS) and other national surveys","Percent","4","3"
"Timor-Leste","Female 5-14 yr","2000-2010","UN_Demographic and Health Surveys (DHS), Multiple Indicator Cluster Surveys (MICS) and other national surveys","Percent","4","3"
"Timor-Leste","Total 5-14 yr","2000-2010","UN_Demographic and Health Surveys (DHS), Multiple Indicator Cluster Surveys (MICS) and other national surveys","Percent","4","3"
"Togo","Male 5-14 yr","2000-2010","UN_Demographic and Health Surveys (DHS), Multiple Indicator Cluster Surveys (MICS) and other national surveys","Percent","44","3"
"Togo","Female 5-14 yr","2000-2010","UN_Demographic and Health Surveys (DHS), Multiple Indicator Cluster Surveys (MICS) and other national surveys","Percent","49","3"
"Togo","Total 5-14 yr","2000-2010","UN_Demographic and Health Surveys (DHS), Multiple Indicator Cluster Surveys (MICS) and other national surveys","Percent","47","3"
"Trinidad and Tobago","Male 5-14 yr","2000-2010","UN_Demographic and Health Surveys (DHS), Multiple Indicator Cluster Surveys (MICS) and other national surveys","Percent","1","3"
"Trinidad and Tobago","Female 5-14 yr","2000-2010","UN_Demographic and Health Surveys (DHS), Multiple Indicator Cluster Surveys (MICS) and other national surveys","Percent","1","3"
"Trinidad and Tobago","Total 5-14 yr","2000-2010","UN_Demographic and Health Surveys (DHS), Multiple Indicator Cluster Surveys (MICS) and other national surveys","Percent","1","3"
"Turkey","Male 5-14 yr","2000-2010","UN_Demographic and Health Surveys (DHS), Multiple Indicator Cluster Surveys (MICS) and other national surveys","Percent","3","1"
"Turkey","Female 5-14 yr","2000-2010","UN_Demographic and Health Surveys (DHS), Multiple Indicator Cluster Surveys (MICS) and other national surveys","Percent","2","1"
"Turkey","Total 5-14 yr","2000-2010","UN_Demographic and Health Surveys (DHS), Multiple Indicator Cluster Surveys (MICS) and other national surveys","Percent","3","1"
"Uganda","Male 5-14 yr","2000-2010","UN_Demographic and Health Surveys (DHS), Multiple Indicator Cluster Surveys (MICS) and other national surveys","Percent","27","1"
"Uganda","Female 5-14 yr","2000-2010","UN_Demographic and Health Surveys (DHS), Multiple Indicator Cluster Surveys (MICS) and other national surveys","Percent","24","1"
"Uganda","Total 5-14 yr","2000-2010","UN_Demographic and Health Surveys (DHS), Multiple Indicator Cluster Surveys (MICS) and other national surveys","Percent","25","1"
"Ukraine","Male 5-14 yr","2000-2010","UN_Demographic and Health Surveys (DHS), Multiple Indicator Cluster Surveys (MICS) and other national surveys","Percent","8","3"
"Ukraine","Female 5-14 yr","2000-2010","UN_Demographic and Health Surveys (DHS), Multiple Indicator Cluster Surveys (MICS) and other national surveys","Percent","7","3"
"Ukraine","Total 5-14 yr","2000-2010","UN_Demographic and Health Surveys (DHS), Multiple Indicator Cluster Surveys (MICS) and other national surveys","Percent","7","3"
"United Republic of Tanzania","Male 5-14 yr","2000-2010","UN_Demographic and Health Surveys (DHS), Multiple Indicator Cluster Surveys (MICS) and other national surveys","Percent","23","1"
"United Republic of Tanzania","Female 5-14 yr","2000-2010","UN_Demographic and Health Surveys (DHS), Multiple Indicator Cluster Surveys (MICS) and other national surveys","Percent","19","1"
"United Republic of Tanzania","Total 5-14 yr","2000-2010","UN_Demographic and Health Surveys (DHS), Multiple Indicator Cluster Surveys (MICS) and other national surveys","Percent","21","1"
"Uruguay","Male 5-14 yr","2000-2010","UN_Demographic and Health Surveys (DHS), Multiple Indicator Cluster Surveys (MICS) and other national surveys","Percent","8","1"
"Uruguay","Female 5-14 yr","2000-2010","UN_Demographic and Health Surveys (DHS), Multiple Indicator Cluster Surveys (MICS) and other national surveys","Percent","8","1"
"Uruguay","Total 5-14 yr","2000-2010","UN_Demographic and Health Surveys (DHS), Multiple Indicator Cluster Surveys (MICS) and other national surveys","Percent","8","1"
"Venezuela (Bolivarian Republic of)","Male 5-14 yr","2000-2010","UN_Demographic and Health Surveys (DHS), Multiple Indicator Cluster Surveys (MICS) and other national surveys","Percent","9","3"
"Venezuela (Bolivarian Republic of)","Female 5-14 yr","2000-2010","UN_Demographic and Health Surveys (DHS), Multiple Indicator Cluster Surveys (MICS) and other national surveys","Percent","6","3"
"Venezuela (Bolivarian Republic of)","Total 5-14 yr","2000-2010","UN_Demographic and Health Surveys (DHS), Multiple Indicator Cluster Surveys (MICS) and other national surveys","Percent","8","3"
"Viet Nam","Male 5-14 yr","2000-2010","UN_Demographic and Health Surveys (DHS), Multiple Indicator Cluster Surveys (MICS) and other national surveys","Percent","15","3"
"Viet Nam","Female 5-14 yr","2000-2010","UN_Demographic and Health Surveys (DHS), Multiple Indicator Cluster Surveys (MICS) and other national surveys","Percent","16","3"
"Viet Nam","Total 5-14 yr","2000-2010","UN_Demographic and Health Surveys (DHS), Multiple Indicator Cluster Surveys (MICS) and other national surveys","Percent","16","3"
"Western and Central Africa","Male 5-14 yr","2000-2010","UN_Demographic and Health Surveys (DHS), Multiple Indicator Cluster Surveys (MICS) and other national surveys","Percent","33","2"
"Western and Central Africa","Female 5-14 yr","2000-2010","UN_Demographic and Health Surveys (DHS), Multiple Indicator Cluster Surveys (MICS) and other national surveys","Percent","35","2"
"Western and Central Africa","Total 5-14 yr","2000-2010","UN_Demographic and Health Surveys (DHS), Multiple Indicator Cluster Surveys (MICS) and other national surveys","Percent","34","2"
"World","Male 5-14 yr","2000-2010","UN_Demographic and Health Surveys (DHS), Multiple Indicator Cluster Surveys (MICS) and other national surveys","Percent","17","4"
"World","Female 5-14 yr","2000-2010","UN_Demographic and Health Surveys (DHS), Multiple Indicator Cluster Surveys (MICS) and other national surveys","Percent","16","4"
"World","Total 5-14 yr","2000-2010","UN_Demographic and Health Surveys (DHS), Multiple Indicator Cluster Surveys (MICS) and other national surveys","Percent","17","4"
"Yemen","Male 5-14 yr","2000-2010","UN_Demographic and Health Surveys (DHS), Multiple Indicator Cluster Surveys (MICS) and other national surveys","Percent","21","3"
"Yemen","Female 5-14 yr","2000-2010","UN_Demographic and Health Surveys (DHS), Multiple Indicator Cluster Surveys (MICS) and other national surveys","Percent","24","3"
"Yemen","Total 5-14 yr","2000-2010","UN_Demographic and Health Surveys (DHS), Multiple Indicator Cluster Surveys (MICS) and other national surveys","Percent","23","3"
"Zambia","Male 5-14 yr","2000-2010","UN_Demographic and Health Surveys (DHS), Multiple Indicator Cluster Surveys (MICS) and other national surveys","Percent","42","1"
"Zambia","Female 5-14 yr","2000-2010","UN_Demographic and Health Surveys (DHS), Multiple Indicator Cluster Surveys (MICS) and other national surveys","Percent","40","1"
"Zambia","Total 5-14 yr","2000-2010","UN_Demographic and Health Surveys (DHS), Multiple Indicator Cluster Surveys (MICS) and other national surveys","Percent","41","1"

"fnSeqID","Footnote"
"1","Data refer to the most recent year available during the period specified in the column heading. Data differ from the standard definition or refer to only part of a country. Such data are included in the calculation of regional and global averages."
"2","Data refer to the most recent year available during the period specified in the column heading. For a complete list of countries and territories in the regions, subregions and country categories, see page XX."
"3","Data refer to the most recent year available during the period specified in the column heading."
"4","Data refer to the most recent year available during the period specified in the column heading. For a complete list of countries and territories in the regions, subregions and country categories, see page XX. Excludes China."
"5","Data refer to the most recent year available during the period specified in the column heading. Because of the cession in July 2011 of the Republic of South Sudan by the Republic of the Sudan, and its subsequent admission to the United Nations on 14 July 2011, disaggregated data for the Sudan and South Sudan as separate States are not yet available for most indicators. Aggregated data presented are for the Sudan pre-cession (see Memorandum item)."
